"","r.squared","adj.r.squared","AIC","rmse","site.xval.rmse","site.xval.r2","year.xval.rmse","year.xval.r2","model.form"
"1",0.725311443655635,0.724338903526957,9561.74134869166,1.5685208596253,1.94858350526459,0.610819692477711,2.02942396898924,0.599161600659547,"tair3 + day + sweA1 + cont_area + reach_slope + rca_elev_mn + Wetland + rca_elev_mn * day + sweA1 * Wetland"
"2",0.724058906411112,0.723299634534099,9569.35162271789,1.57209289828289,1.83240891584416,0.653173359017802,1.86574047385512,0.646915887785394,"tair3 + day + sweA1 + cont_area + reach_slope + rca_elev_mn + rca_elev_mn * day"
"3",0.720346755170687,0.719797553982884,9599.45402543275,1.58263201458394,1.80178764619542,0.660623584139397,1.68424318036585,0.686456567874466,"tair3 + day + sweA1 + cont_area + reach_slope"
"4",0.717429252939834,0.71698548262643,9623.9400261444,1.59086605489629,1.82187436238348,0.656574175687911,1.68009958835463,0.68709517153639,"tair3 + day + cont_area + reach_slope"
